Product_Id,Rating,Review_Text,Helpfulness,B_Helpfulness
B008YD57OO,3,"It says Himalaya baby care but the original product says Himalaya Herbal Healthcare.. Delivery time is good. Packing is outstanding. If you closely observe the photo, u can see """" free from""""!!!",43,1
B008YD57OO,4,"I Hope This is Original Product. Fingers crossed. Here is my review.- I ordered the item on 18th JULY and received a product manufactured on JULY 2016. [pics attached]- Ordered Himalaya Herbals Baby care and received Himalaya Baby care. [ NON - Herbal ??]- Its really cost effective, good discounts on 400g.- The powder is soft and feels like the herbal one.- The fragrance is different from the herbal one, which I was using earlier. [a noticeable difference if you compare both]- No lumps or hard particles found on the powder.I have attached some pics for reference. Hope it helps someone.",18,1
B008YD57OO,1,No doubt product is good but the survice is very bad.I ordered the products it was open n the bottle  was half n tacked by a cellotape I m the regular purchaser but God knows the powder in the box is Himalaya or something else n no return option on this product this made me disappointed n think about it again.,11,1
B008YD57OO,1,"Total waste. The Himalaya Baby Powder is a good one with no doubt. But the Product I received was half and used, but just taped over the lid. It's so clear, that must be the used one. I wonder whether it is Himalaya powder or some other powder in.. Don't get fooled by the offer.Packaging was also not so impressive,but received earlier.",3,1
B008YD57OO,5,Himalaya Herbals Baby Powder best for kids. Do not go for J&J.,5,1
B008YD57OO,3,"The powder wasn't filled completely.Himalaya Herbals Baby Powder (400 gram)It was filled around 65% to 70%. Not sure, whether there was a leakage or something happened with the seller. Felt bad.",3,1
B008YD57OO,4,Actually this powder for baby but use it regularly by whole family.Reason to selection of this products are following :* It is 100% herbal* Very fine and smooth powder.* pleasant fragrance &cheaper than other product.,2,1
B008YD57OO,4,"I recommend all to use this Indian product rather than using cheap imported product, This is natural and good for the skin of your baby.",7,1
B008YD57OO,1,Wondering should i buy things from amazon or is that himalaya who is cheating with there customers does himalaya create a diff inventory for online buyers diluted for creams and bad smelling rough powders .i just posted a pic of lotion wch is visible but for powder its nt that clr hope lotion pic pic help consumers nt to waste money wch is not refundable ..,1,1
B008YD57OO,1,Dont buy any products blindly without manfacturing and expiry dates. I have purchased without knowing the details and i am regreting for the same.  As i have got himalaya baby powder with expiry month august 2016 and i have oredered in Oct 2016  and big billions day,1,1
B008YD57OO,1,Its not original product. If you observe closely its baby care whereas original is herbal healthcare. The toll free number and address of the original products defer from the one . Also products is nonreturnable so don't go from it.,1,1
B008YD57OO,5,I am a big time fan of almost all the beauty or cosmetic range products of this brand. Tried first the baby powder of this range after getting good reviews from friends and it has been 2 months I am loving it so far. I was never a talcum powder person but somehow got addicted to it. Since it is a baby powder it is does not have harsh chemicals and has very nice fragrance. I have huge perspiration sometimes and this leaves me with itching and bad smell (I know it sounds gross but fact of life). This absolutely settles down very problem for me related to sweating. I got this on offer else first time user can try out the smaller one 200gms.,0,0
B008YD57OO,5,Very good product for persons who do not want to use jonsons product Himalaya is best alternative very quick delivery by amazon plus prise offered is way far less than open market must buy from amazon,1,1
B008YD57OO,1,"This is the first worst product i have purchased on amazon.As price of the product is with good discount which attracts me to buy the same for my new born daughter.But the product is not of good quality,its smells different,powder is also not like original one which i purchased from near shop previously. Its my request to buyers please please don't buy this product just for low price otherwise you also in trouble like me.I also want to request amazon please don't sell this product as its different from the original one.",0,0
B008YD57OO,5,It has herbal formula and is very mild to the skin. No adverse reaction or irritation. Very helpful in reducing itches and can be used in any season of the year.,1,1
B008YD57OO,2,"It's very suspicious, as top cap look like tampered. I compared with my old bottle and found suspicious!!  This product cap was half opened and easily removable. But old product purchased in shop was not. I am not able to return this product in Amazon, but definitely I am not going to use for my baby. I suggest all online buyer careful while i buy baby products. If this was tampered to remove the content of it is fine, but what if mixed with some cheep product with it!! Just a thought",0,0
B008YD57OO,1,"400 grams powder pack seal was opened and filled with another powder .....previously I ordered gift basket in that powder is very nice and now powder replaced with another ,I received today 08/08/2016.....parcel also once opened and taped again ........now I'm throughing it outside, I don't want use this to my little baby, again any duplicate product received  then I will totally delete amazon app from my mobile and I will ordered the products through flipcart or another one.",0,0
B008YD57OO,5,very good deal of daily use products.....products are original and in good packaging...I am addict to shop at Amazon..Thanxs!!!!!!!!,1,1
B008YD57OO,5,"In this article, I will explain some of the Best Baby Powder available in the Indian market and its prices. Baby powder consists of ingredient such as talc which may be sometimes cause problem to infant when inhaled or swallowed. It is mainly used to remove diaper rash in infant and many types of rashes on infant tender skin. The below mentioned brands of baby powder will surely helps in preventing rashes to your infant soft skin.",7,1
B008YD57OO,5,I have always trusted Himalaya for my child. It gives him protection against sweat along with good aroma. Very nice,1,1
B008YD57OO,5,"As of all himalaya products this was also a great option as baby powder the smell,flow of powder,colour everything is quite natural and free of chemicals which is good when compared to chemical containg powders like j&j etc,i have bought it for some 8 to 10 times,got it at 80 rupees for 400g in lightening deal once.",0,0
B008YD57OO,5,"I love this product and rated it 5, since no other product can match this product or come close to it in India. Since, Himalaya is a specialization in baby products and it is offered at a very economical price and well distributed by Amazon India . Perfect combination and value for money",0,0
B008YD57OO,5,"When u r buying again n again d same branded product like this, sometimes online, sometimes off line ..n your baby becomes a fan of that product..it should only deserve 5 stars n no less..amazon delivery was perfect n personalized type..thts made me more happy :)",0,0
B008YD57OO,5,Himalaya Baby powder is the best baby powder for my baby boy. The fragrance n the glow that it is giving is awesomeThe seller also delivered the product earlier than the mentioned date.Very happy with the product as well as service :),0,0
B008YD57OO,4,"Product is very good. Cheap & best for regular use. But if any problem found in the packaging or something else, the seller must provide the service of replace or return to the consumers, so that they should remain interested in buying the products online.",0,0
B008YD57OO,4,"good still i believ it can be bit more effective, hence one star less.",1,1
B008YD57OO,1,highly disappointed i got an expired product. also requested a return.,1,1
B008YD57OO,5,"no side effect, no itching - Himalaya is superb as it is chemical less.  If you google about Johnson baby powder you will come to know that there is one harmful chemical used in Johnson baby powder which may cause cancer later at grown up age.",0,0
B008YD57OO,5,Niess,3,1
B008YD57OO,1,My baby got a rash few days after i started using this. So i blame this as nothing else had changed. The texture is quite rough whoch is strange for a baby product. Using it for my own face as i dont want to throw such a big pack away,0,0
B008YD57OO,5,Excellent discount and product....Willing to purchase again....,1,1
B008YD57OO,4,Amazon work is great when it comes to delivery n product packing. Its a good powder bettr then any johnsons just that the pores r slightly bigger so need to used carefully else alot of powder comes out at a point. Quality is good.,0,0
B008YD57OO,5,Himalaya baby powder is a mild and soothing herbal product... the aroma is awesome which makes my daughter refresh after every nappy change.. I'm also glad with amazon for its quick delivery and for the lightning deal offer..,0,0
B008YD57OO,4,Product is our favourite however the item we received came with faulty cap. We are everyday facing the trouble as the cap comes off easily and many a time we can not just rotate to close all the small pores and vice a versa.,0,0
B008YD57OO,3,"It's OK not that special!! Or maybe since I've used better powder before and have used himalaya baby shower gel, had more expectations!! Didn't meet my expectations! The powder is smooth and soft. The fragrance is good.",0,0
B008YD57OO,1,All product of himalaya are duplicate at amazon.zero star,1,1
B008YD57OO,5,Good nourishing product with good fragrance and soothing for baby's skin. I bough this large size because of discount available on it as compared to smaller one. And I admire Himalaya's quality and product.,0,0
B008YD57OO,5,"With this lowest price this product,!!!!!!!Means its just unbelievable. Its really helpful for those parents who wish to take enough care of their child with their short income.Thanks Himalaya",0,0
B008YD57OO,1,the product is different its not original by Himalaya.,1,1
B008YD57OO,5,"Good fragrance, decent powder at a decent price range. People often told me to skip Johnson coz of its chemical contents. This powder is not fully natural, but it isn't harsh. I use it for myself too.",0,0
B008YD57OO,3,"The powder smell is different and the label also has ""Free from parabens "" logo....not sure if this is duplicate or new edition ???? i dont wanna risk with baby products.....gonna return it...",0,0
B008YD57OO,4,Nice powder however could be a little more softer when touched.. It feels a bit coarse. Though I confirm that the texture does not affect my baby anyways. Infact I purchased 2 packs of this product..,0,0
B008YD57OO,1,Amazon not allowing to post  prompt review don't buy,1,1
B008YD57OO,3,"The powder is good but the fragrance scent is somewhat not liked in comparison to that of J&J. Can give a try for this small sized package and if fragrance is liked, this product can be purchased.",0,0
B008YD57OO,1,Disappointed! I ordered this product from the deals section and all I got is the expired bottle. Kindly check for the expiry dates before opening the seal. Sad part is it is a baby product!,0,0
B008YD57OO,5,I have been using this for long time and is good product for kids and school going kids. I have not faced any problem with this product and is satisfied.Please go for it.,0,0
B008YD57OO,5,"Himalaya's baby products are so good, I changed from Johnson to Himalaya and feel so nice it give so much freshness to the baby. I recommend every mom to use it and feel the change.",0,0
B008YD57OO,5,"Earlier, when we said baby powder, the only brand that came to mind was Johnson. Well, after using this, its bye bye J&J. No issues with skin. The fragrance is mild. Will recommend.",0,0
B008YD57OO,2,Himalaya Herbals Baby Powder (400 gram) It looks like fake. It smell different than original. Also there was less power in it. Please check ASIN before purchase.,0,0
B008YD57OO,5,"Very nice for babies. I have very hesitant at the begining, but this product has brought comfort to me as as parent and ease to my little baby. Please go ahead and buy the product.",0,0
B008YD57OO,4,"i am using this product from since last two three month, as per the quality the product is very good but as the price showing on the product there is no no discount from your side",0,0
B008YD57OO,5,I am very happy with himalaya's all baby products.  Firstly they are herbal and more over they had a nice frangrance which is very impressive.  I would like to recommend everyone,0,0
B008YD57OO,4,"I have been using this for my baby almost from when he was 3 months old, have no issues with the product itself. I kinda like the smell and its safe for the skin of the baby.",0,0
B008YD57OO,5,Dumped Johnson and Johnson products and switched to Himalaya after they found some cancer causing chemicals in Johnsons and Johnson baby powder.,3,1
B008YD57OO,2,"Everything Good but the box is 3/4 filedFeeling cheated, less Quantity, seller is taking out small small amount from everybox to make profit.. Nice going seller",0,0
B008YD57OO,4,Nice product and have been using this for long time. For diaper areas you still need anti rash creams along with this specially if you change diaper brand in between.,0,0
B008YD57OO,4,4star is itself a good one....nice ser. best product.. give more discount offer.... it will increase sale... and motivate customer... but not negotiate with quality.,0,0
B008YD57OO,5,An excellent powder stopped me running behind products like johnson and johnson..... i feel even this himalayan product as world class product with indian price tag,0,0
B008YD57OO,5,"Extremely soft and natural products talk.. Love the fragrance... My baby skin also accepted this quickly.. Got a Himalaya baby soap free with this.. So, I am happy.",0,0
B008YD57OO,3,Herbal products are always appreciable and recommended for babies. I suggest himalaya is one of the best herbal product were i can buy again and again. Thank you.,0,0
B008YD57OO,5,"very good and as suggested by many people, herbal one.it is better than johnson as many websites complain that johnson is having cancer causing ingrediants.",0,0
B008YD57OO,4,Big powder dabba still going on. We prefer Himalaya over Johnoson's as my wife thinks Johnson's powder has some issues. Keeps baby dry. Good daily usage product.,0,0
B008YD57OO,4,One of the best baby talcum powders in the market. Pleasant smell at a great price. Been using this for my baby for more than 6 months now and very happy with it,0,0
B008YD57OO,4,I usually try to avoid powders. However it is very effective for humid climatic conditions and smells amazing. I use it between diaper change and in summers.,0,0
B008YD57OO,5,Extremely good product with value for money. Delicate and smooth for baby skin. Fragrance is light not affecting the baby to cause irritated with the smell.,0,0
B008YD57OO,5,bahut saste. product is very good. always use himalaya baby powder rather than jhonson product. thanks to amazon for chief rate and timly delivered. thanks.,0,0
B008YD57OO,5,"I was using Jonson powder for my son Gautam, One of my relative suggest me to try Himalaya. I bought it and now its the only product what i will gonna use.",0,0
B008YD57OO,1,powder not suitable to babies as some round particles are there in it which seems to be like not finely crushedthis is a bad remark to Himalaya Brand,0,0
B008YD57OO,4,Very nice product and timely delivered.,1,1
B008YD57OO,3,I recently ordered this product... its an excellent product  from Himalaya but the powder was spilled in the box inside n its packibg was poor n defwctive,0,0
B008YD57OO,5,Got it just fr 108.i am a himalaya fan..specialy the powder..dis time my mom in law also gv it a try n demanded for ordering one more ..happy buying fr me,0,0
B008YD57OO,5,Works good!!! Nice product. I shall recomend this to everybody. Shop through amazon and got excellent discount. Himalaya is good brand product for Babies.,0,0
B008YD57OO,5,"I use this regularly for my kid and it's a much better option to the J&J series of Baby Products.... Plus being Homegrown adds to it's value, for me!",0,0
B008YD57OO,4,"Using this for my kid since her birth, the product is soothing and the perfume is great. The product is very mild for the sensitive skin of the kids.",0,0
B008YD57OO,5,I m very satisfied with amazon services which he provided a good quality product at great discount offers.I thankful to AMAZON for his good services.,0,0
B008YD57OO,1,Product delivered was already opened,1,1
B008YD57OO,5,good product and good delivary with great offers only in amazon..the quality of the product is also good and the COD of the product was in time,0,0
B008YD57OO,5,The only powder i will ever use on my baby. Others are way too scented which i believe is not good for my baby's skin. This is gentle and nice.,0,0
B008YD57OO,5,"My baby and me loves Himalaya products, it gives good smell and freshnessAvailable with affordable priceI recommend it to others.",0,0
B008YD57OO,4,This powder is baby used powder we just buy only 108 Rs on 400 gm very good but it scent was not good about my opinion otherwise we can buy.,0,0
B008YD57OO,4,"Good product at very attractive price...Amazon is very amazing, They are very professional in their dealing and communications. Good",0,0
B008YD57OO,5,It meets expectation. The best part is we are getting it cheap n no need to hurry for shop... Just order it before three days ..that's it.,0,0
B008YD57OO,5,Worth money spending in my town the Himalaya powder not available. After that I placed order Amazon within week I got it I am very happy.,0,0
B008YD57OO,2,Product is good and very reasonable but it smells too strong and its fragrance is not pleasant. Too much strong fragrance harms the baby.,0,0
B008YD57OO,4,Delivered on time.  Good product.,1,1
B008YD57OO,2,The manufacturing date is quite old. We are unable to the manufacturing date while making purchase. it's better to go to nearby shop.,0,0
B008YD57OO,5,Have always being using Himalaya products for my kids. They are natural and cost effective. And being with Amazon get good deals too.,0,0
B008YD57OO,3,i have replaced Johnson's product with Himalayas because it were allergic to my child. now i m satisfied. it also has good fragrance.,0,0
B008YD57OO,5,"The product is good but Amazon Work is also good,This site fild working is impressiwe, so i like this site also for buy new product.",0,0
B008YD57OO,5,i hav good experience with many himalaya products.this is also one of them.the price for which i got was amazing.,0,0
B008YD57OO,5,i like it much as compared to Johnson baby powder as it contains herbal ingredients which is safe for baby's skin and smells good,0,0
B008YD57OO,5,Nice product with reasonable price. So keep giving the offer every six months. So that i don't have to purchase from the market.,0,0
B008YD57OO,5,I am using this for my new born for past 2 months. It's a very good product. Nice smell. Herbal . Good price. Mtg date Apr 2016.,0,0
B008YD57OO,4,I have been using this powder for 6 months and I'm satisfied with the same and no issues so far. Nice smell and soft for babies.,0,0
B008YD57OO,5,"its a herbal product, so no side effects . suits my baby. pleasent fragance...  highly recommend for babies. using it everyday",0,0
B008YD57OO,4,i bought this product from amaze and there was a nice experience with this website and also nice product and good dealer thank,0,0
B008YD57OO,4,My 4 month old baby girl skin is very sensitive so i cant use any  powder but when i try himalaya powder its suites her.thanks,0,0
B008YD57OO,1,product is good but powder seal was broken. It was just covered with paper. Avoid from portal b it amazon or firstcry etc....,0,0
B008YD57OO,4,Very good powder which is mild and smooth for baby skin. Its having cooling ingredient for better smoothness against itching.,0,0
B008YD57OO,5,"AMAZON U ARE REALLY GREAT, BECAUSE SENT ME THE PURE PRODUCT FROM HIMALAYA WITHOUT SHIPMENT CHARGEAWESOME AND GREAT JOB",0,0
B008YD57OO,4,It was a good decision that I took regarding the purchase of this pack. Good Product.Delivery time more than expected.,0,0
B008YD57OO,4,powder price from amazon is very good. i regularly used this item for my kid. i m happy to purchase lower price 4m amazon.,0,0
B008YD57OO,5,"Himalaya products are normally good , But amazon made it more better. As the offer price and delivery in time is perfect.",0,0
B008YD57OO,3,"Bought 2 of these separately - disappointed that in 1 of the 2 pieces,the contents are consideraly less than the other.",0,0
B008YD57OO,5,Very nice fragrance I love itI'm only concerned that Amazon doesn't give good discount on Himalaya products,0,0
B008YD57OO,4,Its nice smells very subtle and calm. But dont expect j&j kinda cute baby smell. Overall a very good powder for babies,0,0
B008YD57OO,5,Himalaya a name of trust. It has NYC fragrance vry cool prevents from itching. I give 5 on 5 once again thanx himalaya,0,0
B008YD57OO,4,met expectations.better than johnson n johnson powder.good on baby skin. but smell is somewhat different.,0,0
B008YD57OO,5,Good baby powder.Much better and softer than Johnsons baby powder.Have been using since my baby was born.,0,0
B008YD57OO,5,I am completely satisfied with the quality of the product and the service provided. I recommend this to every mother.,0,0
B008YD57OO,5,Its fragrance is very nice & stays longer than any other baby powder.It is good for babies. The powder is very soft.,0,0
B008YD57OO,1,not looks fresh and new item though seal is intact... powder smell was not good... doesnot looklyk himalayas product,0,0
B008YD57OO,5,"excellent goooooodddd one ,, i recommend to purchase the item. less price than shops retail. i purchased for 120 rs",0,0
B008YD57OO,1,Manufacturers date april 2015 ...... Received 1yr old stock. Very bad amazon..... atleast must spare baby products.,0,0
B008YD57OO,1,The quantity in the bottle was not full. The cap was tacked with a cello tape and powder was leaking from the cap.,0,0
B008YD57OO,5,"though it is baby powder, I use it for myself for the antiseptic properties. I really like the smell. a good buy.",0,0
B008YD57OO,5,himalaya herbals baby powder rate too low other than mall or market. Powder quality also good and packing 5 star,0,0
B008YD57OO,4,I am using this since 4 months for my twins...very pleasant smell... I would like to recommend this to everyone,0,0
B008YD57OO,5,One of my favourites even I use it for myself besides using it for my toddler and infant. Very refreshing smell,0,0
B008YD57OO,5,good qulity product and also useful to my little child and nice one all one purchase this product i recommend,0,0
B008YD57OO,3,Amorphous.. Smooth texture... No perfume .. So it won't irritate your nostrils... A mild powder... Seems good,0,0
B008YD57OO,4,good qulity product and also useful to my little child and nice one all one purchase this product i recommend,0,0
B008YD57OO,5,I got this in cheap price. I always use himalayas product for my  baby. I love this. And it's. Really good.,0,0
B008YD57OO,5,The product was very good and excellent packed shipped on time love it I will buy once again thanks Amazon,0,0
B008YD57OO,5,"Also must for my family coz same reason I'm using this product for last 2 years, and no side effect shown.",0,0
B008YD57OO,5,this himalatya herbals baby powder (50 gms) is very nice product and we getting it at a proper time thanks,0,0
B008YD57OO,1,"Item recieved near expiry , there should be time bound from mfg date or inform customer about exp details",0,0
B008YD57OO,3,Product is not fully sealed till top cap is putted with cellotep . I think it should be packed till top .,0,0
B008YD57OO,5,Excellent product...using himalay products since last three years tht is from the day one my baby is born,0,0
B008YD57OO,5,"I love this deal, if it will repeat with same price, I will like to purchase it again for my grand son.",0,0
B008YD57OO,3,"Good. But i have ordered for herbal baby powder of hemalaya, i have received only hemalaya baby powder.",0,0
B008YD57OO,5,After hearing so much about johnson baby i hav switched yo this nd its really good with pleasent smell,0,0
B008YD57OO,5,you can make packing more environment friendly and cost effective use only required packing material..,0,0
B008YD57OO,3,The product is good. But I don't like the flavour of the product. Jonson powder flavour is far better.,0,0
B008YD57OO,5,very good one compare jhonsons it s better and 400g rs 109..very very cheper . jhonsons 50 grms rs 50,0,0
B008YD57OO,5,nice product...thnx to amazon supply us original product with heavy discount price......i love it...,0,0
B008YD57OO,5,Mind blowing in such a price  u will not get such a discount any where i purchased almost half dozen,0,0
B008YD57OO,5,"best product at best price at best place, superb quality that my baby deserves .  5 out of 5 stars.",0,0
B008YD57OO,4,Been using this for the kids at home. Very good quality and the discount on Amazon is very genuine.,0,0
B008YD57OO,4,it is very nice product in that prize i got 1 himalaya  soap free with the powder it great gud one,0,0
B008YD57OO,4,Great product for baby & better than jonson's product.  I got this with discount offer by amazon.,0,0
B008YD57OO,5,This product is very important for my child.I am so happy for buying this bcz you save my money,0,0
B008YD57OO,4,Expiration dates are near by so product has been sold at the discount. Fraud and cheating case.,0,0
B008YD57OO,4,No complaint with this product. NiceI purchase it may 2016 nd its mfd date is april 2016,0,0
B008YD57OO,4,Himalaya baby products are not so exceptional in quality... but the baby powder is somewhat ok,0,0
B008YD57OO,5,It was very cheap thank u amazon.... And manufacturing date was also July 2016...nice product,0,0
B008YD57OO,5,Product is original and brilliant packaging also got it for 104 rs only..Thank u amazon,0,0
B008YD57OO,5,It is very good and healthy product for all little baby . It is also very safe and very good.,0,0
B008YD57OO,1,Received an expired product which I realized after using for 2 days . Do not recommend to buy,0,0
B008YD57OO,2,Package received is very old stock...manufactured in 2014...dats y it is sold on discount...,0,0
B008YD57OO,4,Reasonably priced. Getting the same product in market at 135. Pricing is really competitive.,0,0
B008YD57OO,2,This not a original product. Powder quantity was less than shop bought. Totally disappointed,0,0
B008YD57OO,3,I have got Himalaya Powder manufacturing date in Sep-2014. I want to know reason???????????,0,0
B008YD57OO,5,Himalaya is best powder available in the market now.it is safe too. Not too many chemicals.,0,0
B008YD57OO,4,Nice talc with nice and subtle fragrance! Using it for my 5 month old! No issues till now!,0,0
B008YD57OO,5,Good Quality and this is the first product which gives competition to Jhonson baby powder.,0,0
B008YD57OO,5,Attractive offer price.  I got it for Rs.82.  Thanks for the offer.  Expecting same offer.,0,0
B008YD57OO,2,"not good, the one I got from medical store was good in quality. will never recommend this.",0,0
B008YD57OO,4,Its a good product but stands no where when it is being compared to J and J baby powder..,0,0
B008YD57OO,5,"Great product,  bought at great deal from Amazon. Nice fragrance,  very mild on baby skin",0,0
B008YD57OO,5,Got it @82 for400 gm,1,1
B008YD57OO,4,The product is good but he opening lid is a bit hard to slid. over all value for money.,0,0
B008YD57OO,5,trusted product from himalaya.. nice n mild fragrance .. happy for latest mfg. product.,0,0
B008YD57OO,5,"The smell is just awesome. After bath, it just refereshens your mood.  Just Go for It.",0,0
B008YD57OO,1,I think it is duplicate product.it wont smells good as the orginal one.waste of money.,0,0
B008YD57OO,5,Now I have found himalaya kids product are anytime better than any other leading brand,0,0
B008YD57OO,1,Product is outdated & service/return is very difficult. Won't recommend to buy stuff.,0,0
B008YD57OO,3,product is good...but when when i see product in day light i find bottle is 1/4 empty,0,0
B008YD57OO,5,Good price and product its herbal and Indian company so please prefer Indian Company,0,0
B008YD57OO,4,its in time and good for baby. and even price is also less compared to other. thanks,0,0
B008YD57OO,5,always himaliya is great product for baby.....i think no words to say about himaliya,0,0
B008YD57OO,5,It's good product....of himalaya for baby..........and better than other baby powder,0,0
B008YD57OO,5,Good product. This is chemical free and made from natural herbal. Smells very good.,0,0
B008YD57OO,5,"Much better than Johnsons. But Himalaya guys must release a bigger pack, like 600gm",0,0
B008YD57OO,5,"Excellent product for the price it is sold for. Onetime delivery, perfect packing.",0,0
B008YD57OO,3,Net wgt is 400gm bt powder quantity inside s very less....am not satisfied at all.,0,0
B008YD57OO,4,I am using for my baby last 2 Years.No issue. Baby Likes the mild fragrance.,0,0
B008YD57OO,5,Great company and excellent products. Do not use J&J they are very bad for babies.,0,0
B008YD57OO,5,Product is good but it take over 5 days to deliver. Need to improve on lead time.,0,0
B008YD57OO,4,"Nice product, trust of Himalaya brand...best price on Amazon with free shipping..",0,0
B008YD57OO,5,Using from three years being an adult.. Hope you can understand how good is it..,0,0
B008YD57OO,5,very good and its fragrance is very pleasant. it keeps my baby fresh..loved it..,0,0
B008YD57OO,5,awesome really what i had ordered same was it . nice packing and very cheap rate,0,0
B008YD57OO,5,Product is satisfactory replacement to J&J powder which I was purchasing before.,0,0
B008YD57OO,5,"As usual delivery in time, product wise the brand Himalaya is enough to explain",0,0
B008YD57OO,5,Excellent quick delivery and compatative price.The lightning deal is excellent.,0,0
B008YD57OO,5,Service was great by the courier boy...even the product is also good.....,0,0
B008YD57OO,5,Good product from the house of Himalaya. Got it at a good discount from amazon!,0,0
B008YD57OO,5,Very nice product and useful for babies. My little one loves the smell of it.,0,0
B008YD57OO,4,Better than Johnson  baby powder for new born . Doesn't  cause skin allergy.,0,0
B008YD57OO,5,I always use himalaya baby powder for my daughter. & it is really very good.,0,0
B008YD57OO,5,A very good powder for baby's soft skin..it is very mildly scented as well.,0,0
B008YD57OO,2,The cap was loose (not proper) and all the powder is leaking from the cap.,0,0
B008YD57OO,5,Very quality assured delivery by amazon. Speedy delivery. Awesome product,0,0
B008YD57OO,5,My baby has very sensitive skin and this product works very well for her.,0,0
B008YD57OO,5,Good  for my baby  . Skin  I love it  himalaya  products are very good.,0,0
B008YD57OO,5,It's a very good product for baby skin. I'm using it for my newborn baby.,0,0
B008YD57OO,3,"The perfume from the talc didn't match the previous talc, which was taken",0,0
B008YD57OO,5,"good, delivery was on-time. fragrance is refreshing. better than johnson",0,0
B008YD57OO,5,Soft and smooth for baby skin and not having strong smell makes it cool,0,0
B008YD57OO,4,Best powder for babies.. but amazon delivered me 1 year old package....,0,0
B008YD57OO,5,100% genuine with good discount at Diwali (purchased online for 79/-).,0,0
B008YD57OO,5,nice powder for baby  and best discount in amazon . . . . . . . . . . .,0,0
B008YD57OO,5,Quick delivery Himalaya is the best product for baby seller is reliable,0,0
B008YD57OO,4,Himalaya all product is good.Amazon is best.Thank u Himalaya and Amzon.,0,0
B008YD57OO,5,It's a original no side effect to babys  body good I so happy to Amazon,0,0
B008YD57OO,5,"Nice product and the price is amazing,So recommend this product to buy.",0,0
B008YD57OO,3,"The Powder doesn't not blend with skin, it looks like patches on skin.",0,0
B008YD57OO,5,babes would love it. you would end up using it for yourself finally...,0,0
B008YD57OO,5,I like Himalaya products been using for my daughter since she is born,0,0
B008YD57OO,5,bought for my daughter. perfect delivery. and good product for babies,0,0
B008YD57OO,5,Very nice powder for babies. Very soft and gentle. Highly recommended,0,0
B008YD57OO,5,nyc product nd best but wat use of dis wen u cant deliver at my place,0,0
B008YD57OO,5,As expected and looks original as the one I got from a medical store,0,0
B008YD57OO,5,Nice product. Good Smell. Safe to be used with babies. Good pricing.,0,0
B008YD57OO,5,"Soft, non fragrant, mild powder. Ideal for baby's gentle skin. Good.",0,0
B008YD57OO,3,Product is not new. Old product. Baby product should not be too old,0,0
B008YD57OO,5,Himalaya Natural Products...... must have for your Little One !!!!!,0,0
B008YD57OO,5,the fragrance is amazing - i prefer this smell to Johnson's powder.,0,0
B008YD57OO,1,very bad product.. want to return this.. can amazon help to refund?,0,0
B008YD57OO,5,I got for very less and good price iam very happy with dis product,0,0
B008YD57OO,5,got it on a deal for lesser amount and the delivery was also quick,0,0
B008YD57OO,4,Produces nice fragrance.Good baby powder when compared to Johnsons,0,0
B008YD57OO,5,Very nice. Good product. Latest manufacturing date hai. Always OK.,0,0
B008YD57OO,5,"I use Himalaya products only for my kid, this powder is also good.",0,0
B008YD57OO,4,"Good Product , prompt delivery and most imp at discounted price ;)",0,0
B008YD57OO,1,this was associated purchase with diaper so returned this as well,0,0
B008YD57OO,5,Need to improve delivery timingOverall product is very good,0,0
B008YD57OO,5,Excellent Product. Very nice fragrance.And bottle is quite large.,0,0
B008YD57OO,4,Good product anbd very useful to infants to prevent any rashes...,0,0
B008YD57OO,5,excellent product for babies. have been using Himalaya since long,0,0
B008YD57OO,5,Very good keeps her skin away from rashes and smell is very nice,0,0
B008YD57OO,4,Nice product ....got it for 97 instead of 150...Thank you amazon,0,0
B008YD57OO,4,"Very good, if anyone plan to purchase than you choose this item.",0,0
B008YD57OO,5,Packing ...price....quality.....delivery.....all of this ...good,0,0
B008YD57OO,5,Great deal...overwhelmed by buying it...very reasonable price..,0,0
B008YD57OO,5,"good quality, original product and very low cost as per market.",0,0
B008YD57OO,1,the powder is out of date i.e the expiry date is already passed,0,0
B008YD57OO,4,"Powder is ok, but its smell is somehow not good feelings to me.",0,0
B008YD57OO,5,Product as expected....delivered well before scheduled date...,0,0
B008YD57OO,5,nice deal and himalaya best for anything best deal daily deals,0,0
B008YD57OO,4,Always love the Himalaya product.  Brand on which we can trust,0,0
B008YD57OO,5,Fully satisfied with product and delivery good packing awesome,0,0
B008YD57OO,4,Good indian product. It is very suitable for baby's soft skin.,0,0
B008YD57OO,5,Very big size powder for small price.... Thank you amazon.....,0,0
B008YD57OO,2,Product recieved was good but cap of the container was broken.,0,0
B008YD57OO,4,Nice product but fragrance is bit strong. Gud for baby's skin.,0,0
B008YD57OO,4,Happy to do shopping from Amazon..i like all the productss.!!,0,0
B008YD57OO,4,Nice product for ultra cheap price. Keep more deals like this,0,0
B008YD57OO,5,its nicevery less in cost when compared to market price,0,0
B008YD57OO,5,"Gud one, but a super saver pack is missing from product line.",0,0
B008YD57OO,5,Smells good and very hygienic. Avoid rashes and smoothes skin,0,0
B008YD57OO,4,Very reasonable & no doubt good product.Packing was  superb.,0,0
B008YD57OO,5,Very competitive price and excellent delivery by Amazon team,0,0
B008YD57OO,5,Very nice product from himalaya and good service from Amazon,0,0
B008YD57OO,5,Good packaging and great product. Thanks Amazon and Himalaya,0,0
B008YD57OO,5,This is so perfect for my little Ninja. He enjoys its smell.,0,0
B008YD57OO,4,iam fully satisfy nice product for children thank you amazon,0,0
B008YD57OO,5,Good product for my baby in a best price only with Amazon..,0,0
B008YD57OO,5,"Got at discounted price... good for babies, value for money",0,0
B008YD57OO,5,Nice Products by Himalaya and On-time delivery by Amazon...,0,0
B008YD57OO,2,"Product Good, But Price is high compare with other vendor.",0,0
B008YD57OO,5,Timely delivery n genuine product vth amazing discounts!!!,0,0
B008YD57OO,5,himalaya prodects are good and it every useful for my baby,0,0
B008YD57OO,5,Good product. Spreads evenly and smoothly. Suited my baby.,0,0
B008YD57OO,3,A good product for infants that too from house of Himalaya,0,0
B008YD57OO,5,"Nice fragrance,paraben free and cheaper than other brands!",0,0
B008YD57OO,5,Very good one for kids. And Amazon experience was superb.,0,0
B008YD57OO,5,excellent delivery period and productprc nair,0,0
B008YD57OO,5,I'm a happy customer of Amazon nd im happy wit d product.,0,0
B008YD57OO,5,UPTO MARK. I LIKED THE PRODUCT AND ITS ON TIME DELIVERY.,0,0
B008YD57OO,5,Himalaya Herbals Baby Powder (400 gram) is good for baby,0,0
B008YD57OO,5,Very gentle for mild smell which is good for little ones,0,0
B008YD57OO,5,Very good. Now a days my baby not felt any races around,0,0
B008YD57OO,4,great product i love amazon for its price thanks amazon,0,0
B008YD57OO,5,Good baby product n smell is nice. Got it for best deal,0,0
B008YD57OO,4,Ontime delivery by Amazon.Nice Work. Please keep it up.,0,0
B008YD57OO,5,No PRoblem in powder and packing was also good no doubt,0,0
B008YD57OO,5,Product is good and is being sold in competitive price.,0,0
B008YD57OO,5,Darun Darun,1,1
B008YD57OO,5,really very good product.. speedy delivery by amazon..,0,0
B008YD57OO,5,Best product for my baby. Its natural and at low price,0,0
B008YD57OO,5,Himalaya products are the best with good price range.,0,0
B008YD57OO,5,very nice good quality nice fragnance good for babies,0,0
B008YD57OO,1,The powder pack was half empty was It was received. .,0,0
B008YD57OO,5,"Nice product, right value, great packing and delivery",0,0
B008YD57OO,5,great discount offered! got on time. quality intact..,0,0
B008YD57OO,5,Thank u Himalaya for giving such a wonderful products,0,0
B008YD57OO,4,delivery is really fast and the products are genuine.,0,0
B008YD57OO,4,Very mu6 disappointed about himalaya baby massage oil,0,0
B008YD57OO,4,"Most of the times, I change different brand of powders. Every time, when I change, I may not like the aroma/smell for more than an couple of days of use. So, I may come back to the original power again. Much of the power goes unused.This time I bought Himalaya Herbal Baby powder. I continue to use the same. This power is being used not only for my Kid, I and my family also use it regularly.Good powder.",1,1
B008YD57OO,5,Great product and swift delivery by Amazon via prime,0,0
B008YD57OO,5,i like the smell and more over its himalaya product.,0,0
B008YD57OO,4,"Fresh aroma of all herbs, blended in form of powder.",0,0
B008YD57OO,5,Very soft and gentle for baby use and nice fragrance,0,0
B008YD57OO,5,"i like this, i am strongly suggesting to my friends.",0,0
B008YD57OO,5,Wow its great. .good thnx Amazon for 1st delivery...,0,0
B008YD57OO,5,Good price..  Nice offer by Amazon lightning deal...,0,0
B008YD57OO,5,"Good For baby skin,No allergic. Very pleasant smell.",0,0
B008YD57OO,5,very useful product i totally trust on it for my son,0,0
B008YD57OO,5,"the himalaya baby powder is simply great. it has a mild odour which is very nice. i was using a diiferent company powder before and my baby had rashes on her neck. i'm not sure of the reason for the rash. i used to apply ointment which used to checkf the rashes for few days and again the rashes used to reappear.but after i started applying himalaya baby powder, the rashes kind of magically vanished. thanx to himalaya.",1,1
B008YD57OO,5,Good quality product and no problem for baby's skin,0,0
B008YD57OO,5,The texture is very smooth compared any baby powder,0,0
B008YD57OO,5,using from day one for my kiddo and found excellent,0,0
B008YD57OO,4,like it.  Cheap as compared to other online stores.,0,0
B008YD57OO,5,Good baby powder. Nice and gentle on the baby skin.,0,0
B008YD57OO,5,Its a huge save..buying this product in amazon. :-),0,0
B008YD57OO,5,Product is good but amazon curior service is so bad,0,0
B008YD57OO,5,Very good product and very well fulfilled by Amazon,0,0
B008YD57OO,5,"good product, mild fragrance good for baby's skin.",0,0
B008YD57OO,4,Better then gohnson in terms of pricing. Go for it,0,0
B008YD57OO,4,Very nice and baby smells good too all day long!!!,0,0
B008YD57OO,5,Best powder for babies....soothing fragrance......,0,0
B008YD57OO,5,himalaya powder remains prefect for my little baby,0,0
B008YD57OO,4,Genuine Product and Delivered on time as promised,0,0
B008YD57OO,5,"During Diwali offer, got it at attractive price.",0,0
B008YD57OO,4,Original product as expected 5 Star this product,0,0
B008YD57OO,5,Using it since last 1.5 yrs and no issues at all,0,0
B008YD57OO,5,Very Good a b c d e f g h i j k l m n o p q r s.,0,0
B008YD57OO,1,Himalaya baby care not herbal helth care product,0,0
B008YD57OO,5,Good but I expect It could be on less price ....,0,0
B008YD57OO,5,Awesome productN awesome service by AMAZON,0,0
B008YD57OO,3,The products bought were as per my expectations.,0,0
B008YD57OO,5,I think it's a very good deal at cheapest price.,0,0
B008YD57OO,5,Nice Product for Babies. Fast shipping by Amazon,0,0
B008YD57OO,5,"Well packed , ""Himalaya"" is as expected.",0,0
B008YD57OO,5,"Nice product, thanks Amazon for quick delivery!",0,0
B008YD57OO,4,"SWEET SMELLAND KEEP BABY FRESH,, COOL AND HAPPY",0,0
B008YD57OO,3,Little bit old stock.Will expire shortly.,0,0
B008YD57OO,3,product is good but got damaged during delivery,0,0
B008YD57OO,5,Very good product for ur kid.i recomeded to all,0,0
B008YD57OO,5,"I have always used this brand, so good product.",0,0
B008YD57OO,5,best lightening deal in almost half the price..,0,0
B008YD57OO,5,good product. and got it in the cost of 200gms,0,0
B008YD57OO,4,This product is nice to compare other product.,0,0
B008YD57OO,5,Excellent Delivery with perfect price discount,0,0
B008YD57OO,5,Absolutely amazing great price great product..,0,0
B008YD57OO,5,Best baby product from an indian Co. Himalaya.,0,0
B008YD57OO,5,Good fragrance nice product for baby childrens,0,0
B008YD57OO,5,Good Product As per our expectations satisfied,0,0
B008YD57OO,3,"No fragrance at all,otherwise its ok product.",0,0
B008YD57OO,2,Powder dappa opener is not working properly..,0,0
B008YD57OO,5,Another great product by Himalaya for babies.,0,0
B008YD57OO,4,Good product as described using since 2 years,0,0
B008YD57OO,1,Box is only 60% filled.Felt as cheated.,0,0
B008YD57OO,1,"ITS COVER IS NOT WORKING, HENCE MONEY WASTED.",0,0
B008YD57OO,4,Very good product. Thanks Himalaya nd Amazon.,0,0
B008YD57OO,5,Received fresh product at a very good price.,0,0
B008YD57OO,5,the product is good. suits the needs of baby,0,0
B008YD57OO,5,Very good powder for baby fragrances awesome,0,0
B008YD57OO,5,The item was as per expectation. Looks Good.,0,0
B008YD57OO,5,"Very big discount price,best shipping ,happy",0,0
B008YD57OO,5,Very happy for getting such a good discount.,0,0
B008YD57OO,5,"The fragrance of this powder is refreshingly different from the usual baby powders. Baby burp vomits usually leave an unpleasant odour, sometimes even when washed. This product easily covers any unpleasant odours due to burp vomits, perspiration, etc. Carrying and playing with my baby feels/smells different from the usual others :)",1,1
B008YD57OO,5,Good Product. Excellent delivery by Amazon.,0,0
B008YD57OO,4,"Wonderful product, a beautiful fragrance...",0,0
B008YD57OO,5,Really very good productNicely packed,0,0
B008YD57OO,5,Best for my baby... natural no chemical....,0,0
B008YD57OO,5,Nice smell better than Johnson and johnson,0,0
B008YD57OO,5,Very good product & also good services,0,0
B008YD57OO,1,Fake product - This is not from Himalaya -,0,0
B008YD57OO,5,"Nice fragrance, no allergies on baby skin.",0,0
B008YD57OO,5,Product is good but box packing is damaged,0,0
B008YD57OO,5,Product delivered as shown. Nice packaging,0,0
B008YD57OO,1,Not like original. Smell is so different .,0,0
B008YD57OO,5,Best Baby Powder with good Fragrance .....,0,0
B008YD57OO,3,no fragrance but looks like less chemical.,0,0
B008YD57OO,5,"After using J&J powder for almost 25 years now, tried this powder for the first time (as the J&J 700 gms was out of stock). To my surprise, I loved it. I am on the 9th bottle now and have no regrets in picking this every time. Keeps you fresh for 4-5 hours and smells great. A real good product from Himalaya.",1,1
B008YD57OO,5,Really good. Very fast delivery by amazon,0,0
B008YD57OO,4,Good quality n fregrence is also too good,0,0
B008YD57OO,5,nice product and delivered in good time..,0,0
B008YD57OO,4,Himalaya product is very nice for my baby,0,0
B008YD57OO,1,It was opened. Seems some powder is lost.,0,0
B008YD57OO,5,"Nice product, best price, faster delivery",0,0
B008YD57OO,5,Excellent product at affordable price !!!,0,0
B008YD57OO,5,Very nice.good fragrance that stays long.,0,0
B008YD57OO,5,Best Herbal Product! My son is loving it!,0,0
B008YD57OO,5,Please go ahead and buy without any doubt,0,0
B008YD57OO,4,good fragrance ... feels good when applied.,0,0
B008YD57OO,5,Original product.....Himalaya is best....,0,0
B008YD57OO,5,product good and working also good so far,0,0
B008YD57OO,4,Very pleasant fragrance and suits my baby,0,0
B008YD57OO,5,very nice power for baby its does its job,0,0
B008YD57OO,5,I use it for my kids its value for money,0,0
B008YD57OO,4,Happy with the service and the products.,0,0
B008YD57OO,4,Doctors dont recommend talcum these days,0,0
B008YD57OO,1,Got an expired one. Highly dissatisfied.,0,0
B008YD57OO,5,Genuine and cheap baby product on amazon,0,0
B008YD57OO,5,Just go for it. Better than other brands,0,0
B008YD57OO,4,"yes, it is to my expectations. tq amazon",0,0
B008YD57OO,5,Very nice smell and smooth for baby skin,0,0
B008YD57OO,5,good product it is original and genuine.,0,0
B008YD57OO,3,Product is fine good discount I availed.,0,0
B008YD57OO,5,Himalaya is best in baby care...........,0,0
B008YD57OO,5,At a very good price n powder is so soft,0,0
B008YD57OO,2,Ok not that gud product.. Upto d mark..,0,0
B008YD57OO,5,Worth the price.In Fact more than that!,0,0
B008YD57OO,5,Verry good product. Smell is very nice.,0,0
B008YD57OO,5,excellent product  good  shipping  time,0,0
B008YD57OO,5,perfect for my baby at good price...!!!,0,0
B008YD57OO,4,too big... better to buy small pack....,0,0
B008YD57OO,5,Very  nice  fragrance.  Skin  friendly.,0,0
B008YD57OO,5,"nice product , good packing , must buy",0,0
B008YD57OO,4,rasanable price and also good for baby,0,0
B008YD57OO,5,Good quality chip rate timely delivery,0,0
B008YD57OO,4,it is nice and fulfill my requirements,0,0
B008YD57OO,4,nice product a lower price then market,0,0
B008YD57OO,5,On time delivery with affordable price,0,0
B008YD57OO,5,very good smell and good for baby skin,0,0
B008YD57OO,4,Nice product with wonderful fragrance.,0,0
B008YD57OO,2,Quantity of product is less than 400gm,0,0
B008YD57OO,5,Good product and very much good smell,0,0
B008YD57OO,5,nice product i like himalayas product,0,0
B008YD57OO,4,One of the good product from Himalaya,0,0
B008YD57OO,5,"Very gentle and good odour, liked it.",0,0
B008YD57OO,5,Love the fragrance. Keeps baby fresh.,0,0
B008YD57OO,5,Very Good product at reasonable price,0,0
B008YD57OO,5,I have got big discount...very happy.,0,0
B008YD57OO,5,Very very good product for my twins..,0,0
B008YD57OO,1,Useless powder. No fragrance at all..,0,0
B008YD57OO,5,Very nice product with cheaper rates.,0,0
B008YD57OO,5,"Product as described, prompt delivery",0,0
B008YD57OO,5,Very Good product from reputed brand.,0,0
B008YD57OO,5,Always 5 stars for Himalaya products.,0,0
B008YD57OO,5,"Very good product, buying recommended",0,0
B008YD57OO,5,discount & product delivery is good.,0,0
B008YD57OO,5,Nice smell with good quality product,0,0
B008YD57OO,4,Good product from Himalaya Herbals!!,0,0
B008YD57OO,5,"Good Product, smooth and smells good",0,0
B008YD57OO,5,very good and better than local mkt.,0,0
B008YD57OO,1,I received it in a damaged condition,0,0
B008YD57OO,4,Good one ..nice and mild fregrence..,0,0
B008YD57OO,3,Nice fragrance n soft on baby skin..,0,0
B008YD57OO,5,Very much satisfied with the product,0,0
B008YD57OO,5,value of money in 98.00 rs grate....,0,0
B008YD57OO,4,Not perfectly sealed by Himalaya tag,0,0
B008YD57OO,4,Nice fragrance...good for baby skin,0,0
B008YD57OO,5,Awesome deal for the price ........,0,0
B008YD57OO,3,product is fine & delivered on time,0,0
B008YD57OO,4,Very cheapest rate and good packing,0,0
B008YD57OO,5,Great Pricing compaired with market,0,0
B008YD57OO,5,ALL PRODUCTS OF HIMALAYA R TOO GOOD,0,0
B008YD57OO,5,Ret se bhi aur product  bhi achi he,0,0
B008YD57OO,1,Can v trust on line product quality,0,0
B008YD57OO,5,great deal and 100% genuine product,0,0
B008YD57OO,5,speed delivery.....product is good,0,0
B008YD57OO,1,"Fake ,duplicate ,bulls*** product.",0,0
B008YD57OO,5,item delivered with good condition,0,0
B008YD57OO,5,Good product and delivered in time,0,0
B008YD57OO,5,Himalaya products are good in baby,0,0
B008YD57OO,5,Cool product and my baby love it..,0,0
B008YD57OO,5,Nice product......at good price...,0,0
B008YD57OO,5,The 400 gm pack is worth the money,0,0
B008YD57OO,4,Nice product for sensetive skin...,0,0
B008YD57OO,5,Very good products for good price.,0,0
B008YD57OO,4,It's very smoothly for babies skin,0,0
B008YD57OO,1,received but not good in condition,0,0
B008YD57OO,4,Good product...reasonable rates...,0,0
B008YD57OO,5,This is awesome:) Keeps you fresh.,0,0
B008YD57OO,4,Very gud stuff...delivered on time,0,0
B008YD57OO,5,"Very nice packing,awesome  product",0,0
B008YD57OO,4,The price of this product is good,0,0
B008YD57OO,5,its good product more den xpected,0,0
B008YD57OO,5,Awesome product & value for money,0,0
B008YD57OO,5,Good Service and Reasonable Price,0,0
B008YD57OO,4,Like the fragrance. Very Calming.,0,0
B008YD57OO,4,Good product and timely delivered,0,0
B008YD57OO,5,"Best Product for baby, thnx amzon",0,0
B008YD57OO,5,its a wonderful experience by me.,0,0
B008YD57OO,5,Deliverd Fast with lowest price .,0,0
B008YD57OO,4,value for money value for qulaity,0,0
B008YD57OO,5,Good Product and Perfect Delivery,0,0
B008YD57OO,2,Smells like mortin mosquito coil.,0,0
B008YD57OO,4,Good Product with discount price,0,0
B008YD57OO,5,Perfect powder for my born baby.,0,0
B008YD57OO,1,Not a original and weight is low,0,0
B008YD57OO,1,Smells okk rather than Johnson's,0,0
B008YD57OO,4,Good for the price which i paid.,0,0
B008YD57OO,5,Better service..original product,0,0
B008YD57OO,1,Expired item..worst expirience..,0,0
B008YD57OO,5,Excellent good on time delivery,0,0
B008YD57OO,5,Really nice :) Thank you Amazon,0,0
B008YD57OO,4,Gud product and prompt delivery,0,0
B008YD57OO,5,Soft on skin. Gentle fragrance.,0,0
B008YD57OO,5,Good for infants sensitive skin,0,0
B008YD57OO,2,Seems products was not original,0,0
B008YD57OO,5,Good product. Received on time.,0,0
B008YD57OO,5,very gud product for small baby,0,0
B008YD57OO,5,Mild and smells nice. Excellent,0,0
B008YD57OO,5,I love Himalaya baby Products.,0,0
B008YD57OO,5,Best products with best price.,0,0
B008YD57OO,5,Nice powder and also fragrance,0,0
B008YD57OO,4,Got in a very good deal Price.,0,0
B008YD57OO,5,Good deal Price thank u Amazon,0,0
B008YD57OO,5,Very nice for baby's soft skin,0,0
B008YD57OO,5,nice deal and product.........,0,0
B008YD57OO,5,Himalaya's product always good,0,0
B008YD57OO,5,Just perfect for my babys skin,0,0
B008YD57OO,4,Good Qulaity with Cheap price,0,0
B008YD57OO,4,Good one rather johnson items,0,0
B008YD57OO,5,"Mild fragrance, safe for baby",0,0
B008YD57OO,5,original product as expected.,0,0
B008YD57OO,5,Nice product I Happy with you,0,0
B008YD57OO,5,subtle fragrance..feels fresh,0,0
B008YD57OO,5,Great product with less price,0,0
B008YD57OO,5,Excellent product for infants,0,0
B008YD57OO,4,Very good at discounted cost.,0,0
B008YD57OO,4,Superb Product for Children.,0,0
B008YD57OO,5,"Good Services , Good Quality",0,0
B008YD57OO,1,Baby gets rashes after using,0,0
B008YD57OO,5,good product with good price,0,0
B008YD57OO,5,Good packaging and original.,0,0
B008YD57OO,5,value for money. great offer,0,0
B008YD57OO,4,Nice product n delivery.....,0,0
B008YD57OO,4,"Great Product, Awesome Deal.",0,0
B008YD57OO,4,Recommended product for kids,0,0
B008YD57OO,5,It's safe and a nice product,0,0
B008YD57OO,5,Great product at great price,0,0
B008YD57OO,1,Why you not posted my review,0,0
B008YD57OO,4,Good one. Got in good price.,0,0
B008YD57OO,5,good product from himalaya..,0,0
B008YD57OO,5,Very nice powder for babies.,0,0
B008YD57OO,5,"very good, using for my baby",0,0
B008YD57OO,5,Too good happy with product,0,0
B008YD57OO,5,Very happy with the product,0,0
B008YD57OO,2,2year old product not a new,0,0
B008YD57OO,4,The product is really  good,0,0
B008YD57OO,5,Great product at best price,0,0
B008YD57OO,5,Good Powder. Baby loves it.,0,0
B008YD57OO,4,Good service & good quality,0,0
B008YD57OO,4,All OK. Item as advertised.,0,0
B008YD57OO,4,Very good nd smell so cool,0,0
B008YD57OO,4,It was recommend by doctor,0,0
B008YD57OO,5,Received in good condition,0,0
B008YD57OO,1,Out dated product received,0,0
B008YD57OO,5,Nice product at gud prices,0,0
B008YD57OO,4,Received in good condition,0,0
B008YD57OO,5,Almost all products r good,0,0
B008YD57OO,5,Good product in less price,0,0
B008YD57OO,3,Good for baby .. once more,0,0
B008YD57OO,5,Great product by Himalayan,0,0
B008YD57OO,4,Good Quality / recommended,0,0
B008YD57OO,4,Good product & good prices,0,0
B008YD57OO,4,Nice produced  nice price,0,0
B008YD57OO,5,Keeps my baby dry all day,0,0
B008YD57OO,5,nice one original product,0,0
B008YD57OO,5,Item seems to be original,0,0
B008YD57OO,5,Nice delivery from amazon,0,0
B008YD57OO,5,It is very nice for baby.,0,0
B008YD57OO,5,Very good compare to J&J.,0,0
B008YD57OO,5,good and on time delivery,0,0
B008YD57OO,3,Product  packing  awesome,0,0
B008YD57OO,5,"Superb, good saving pack.",0,0
B008YD57OO,5,its a very nic product...,0,0
B008YD57OO,5,Nice product for babies.,0,0
B008YD57OO,5,good one with good smell,0,0
B008YD57OO,3,Not too good as expected,0,0
B008YD57OO,5,For my baby good product,0,0
B008YD57OO,5,We are using it its good,0,0
B008YD57OO,5,nice product by himalaya,0,0
B008YD57OO,5,Nice and good for babies,0,0
B008YD57OO,4,"Nice product, go for it.",0,0
B008YD57OO,5,Good product for my baby,0,0
B008YD57OO,4,Nice product. Good offer,0,0
B008YD57OO,4,Very comfortable to use.,0,0
B008YD57OO,5,It's very good prdt.....,0,0
B008YD57OO,4,soft for my baby's skin.,0,0
B008YD57OO,3,This Original Product ??,0,0
B008YD57OO,4,Best,1,1
B008YD57OO,3,nice,1,1
B008YD57OO,3,Good,1,1
B008YD57OO,5,Perfectly as described.,0,0
B008YD57OO,1,Expired prodect no more,0,0
B008YD57OO,5,Very useful for my baby,0,0
B008YD57OO,5,Good..much recommended!,0,0
B008YD57OO,5,Best Child care Product,0,0
B008YD57OO,5,Olny nice but not happy,0,0
B008YD57OO,5,Good one thank u Amazon,0,0
B008YD57OO,5,Just one word. Awesome!,0,0
B008YD57OO,4,Good. Received on time.,0,0
B008YD57OO,3,Good product for babies,0,0
B008YD57OO,5,better than johnson !!,0,0
B008YD57OO,3,OK ....good. Not best.,0,0
B008YD57OO,5,Good Product.5 star ,0,0
B008YD57OO,5,Good on my baby's skin,0,0
B008YD57OO,5,Great product for baby,0,0
B008YD57OO,4,Good & timely delivery,0,0
B008YD57OO,5,i lke himalaya product,0,0
B008YD57OO,5,Always a Himalaya fan!,0,0
B008YD57OO,5,Gud product I like dis,0,0
B008YD57OO,5,good and best for kids,0,0
B008YD57OO,5,Very good Good Product,0,0
B008YD57OO,5,Nice powder for babies,0,0
B008YD57OO,5,Nice wow r worth a buy,0,0
B008YD57OO,4,This is good for baby.,0,0
B008YD57OO,5,Amazing discount offer,0,0
B008YD57OO,2,not so good like g&g .,0,0
B008YD57OO,5,Great product for kids,0,0
B008YD57OO,5,Value for money 5 star,0,0
B008YD57OO,5,Gud product super rate,0,0
B008YD57OO,4,Got at good discount.,0,0
B008YD57OO,4,Good product for baby,0,0
B008YD57OO,4,nice product for baby,0,0
B008YD57OO,5,good product for baby,0,0
B008YD57OO,5,nice product for baby,0,0
B008YD57OO,5,Good quality products,0,0
B008YD57OO,4,Smell is good. Soft.,0,0
B008YD57OO,4,Quality is very good,0,0
B008YD57OO,5,Good products.......,0,0
B008YD57OO,5,Good value for money,0,0
B008YD57OO,4,Good Value for money,0,0
B008YD57OO,5,awesome nice product,0,0
B008YD57OO,5,Awesome Product ever,0,0
B008YD57OO,5,Excellent product...,0,0
B008YD57OO,5,Good quality product,0,0
B008YD57OO,4,good quality product,0,0
B008YD57OO,5,Very nice powderpuff,0,0
B008YD57OO,5,good deal. I like it,0,0
B008YD57OO,5,I like its fragnance,0,0
B008YD57OO,4,better and very nice,0,0
B008YD57OO,5,nice price from you,0,0
B008YD57OO,5,Perfect for my baby,0,0
B008YD57OO,5,Best for the baby..,0,0
B008YD57OO,4,Very good thank you,0,0
B008YD57OO,4,Good as aspected..!,0,0
B008YD57OO,5,I love this product,0,0
B008YD57OO,5,Very good product..,0,0
B008YD57OO,5,Good for this price,0,0
B008YD57OO,5,A VERY GOOD PRODUCT,0,0
B008YD57OO,5,NICE DEAL .........,0,0
B008YD57OO,3,OK with the Product,0,0
B008YD57OO,5,Well served by you.,0,0
B008YD57OO,1,Powder is not full.,0,0
B008YD57OO,5,Really worth buying,0,0
B008YD57OO,4,"Im extremely happy with this purchase, its an excellent baby powder. Himalaya baby products are good and proud to say its an Indian product. Better dont buy 400 gm pack which lasts for very long time and fragrance turns milder.Pros:1) Softer than Johnson powder.2) Superb fragrance (once again, comparing to johnson powder)3) Stays on baby's skin for long time.Thus helps to keep baby's skin fresh.4) Reasonable price.5) Cute & nice (white & green) package.Cons:1)Granular particles are found which is the only one demerit .I would rate it 4.5 stars!!",0,0
B008YD57OO,5,serves its purpose,0,0
B008YD57OO,4,Excellent product.,0,0
B008YD57OO,5,Quality is perfect,0,0
B008YD57OO,5,good for this cost,0,0
B008YD57OO,5,best price. thanks,0,0
B008YD57OO,4,Excellent product.,0,0
B008YD57OO,5,Fast delivery nice,0,0
B008YD57OO,5,Good product. Nice,0,0
B008YD57OO,5,Excellent product!,0,0
B008YD57OO,5,Profitable product,0,0
B008YD57OO,4,Good!! We liked it,0,0
B008YD57OO,5,very good product.,0,0
B008YD57OO,5,Excellent product.,0,0
B008YD57OO,5,Highly recommended,0,0
B008YD57OO,5,Very safe for baby,0,0
B008YD57OO,4,"Himalaya herbals baby powder uses natural products when compare with other baby powders. In the beginning we faced some skin disease problem for my new born baby by using famous baby product powder &  soap. At that movement we stopped and changed to use Himalaya, we never faced it again. Thanks for Himalaya. And finally we also changed the soap, baby moisturizer, shampoo, massage oil as well with Himalaya Herbals. For babies Himalaya providing very good products. If you have a doubt use those products and come to know the truth. Thanks for Amazon for providing such services.",0,0
B008YD57OO,5,I loved the smell,0,0
B008YD57OO,5,Very Nice Product,0,0
B008YD57OO,5,Excellent product,0,0
B008YD57OO,5,Loved the product,0,0
B008YD57OO,5,Anyone can use it,0,0
B008YD57OO,4,products are good,0,0
B008YD57OO,5,Very good product,0,0
B008YD57OO,5,Very good product,0,0
B008YD57OO,5,New product happy,0,0
B008YD57OO,5,Excellent Product,0,0
B008YD57OO,5,Good baby Product,0,0
B008YD57OO,4,Excellent product,0,0
B008YD57OO,2,Very nice product,0,0
B008YD57OO,1,Exp date Mar 2016,0,0
B008YD57OO,5,good for my child,0,0
B008YD57OO,5,Very nice product,0,0
B008YD57OO,5,Excellent Product,0,0
B008YD57OO,5,Excellent Product,0,0
B008YD57OO,5,Very nice product,0,0
B008YD57OO,5,Nice fragrance. .,0,0
B008YD57OO,5,EXCELLENT PRODUCT,0,0
B008YD57OO,4,Value for Money !,0,0
B008YD57OO,5,Actuall good deal,0,0
B008YD57OO,5,My LO loves it :),0,0
B008YD57OO,5,Excellent product,0,0
B008YD57OO,5,Very good product,0,0
B008YD57OO,5,Excellent product,0,0
B008YD57OO,5,Value for Money !,0,0
B008YD57OO,5,very nice product,0,0
B008YD57OO,5,Nice . go for it,0,0
B008YD57OO,5,Good as expected,0,0
B008YD57OO,1,Its cheap powder,0,0
B008YD57OO,5,awesome product.,0,0
B008YD57OO,5,BEST BABY POWDER,0,0
B008YD57OO,5,Best baby powder,0,0
B008YD57OO,4,It was brand new,0,0
B008YD57OO,5,best in quality.,0,0
B008YD57OO,5,Worthy for money,0,0
B008YD57OO,5,Original product,0,0
B008YD57OO,5,SIMPLY GO FOR IT,0,0
B008YD57OO,4,Genuine product.,0,0
B008YD57OO,5,The best product,0,0
B008YD57OO,1,"It appears that Cloudtail/Amazon is selling either old stock or low quality imitation products. When this powder was used on the child's body, it left chalky marks without spreading evenly like the previous ones I've purchased directly from Himalaya stores.I'm very highly disappointed with this quality, & am totally unappreciative of what a reputed brand like Amazon is selling to customers. What makes it worse is that it is a product for children...totally unacceptable.",0,0
B008YD57OO,5,Value for Money,0,0
B008YD57OO,1,nice fragrance.,0,0
B008YD57OO,5,Value for money,0,0
B008YD57OO,5,Good for babies,0,0
B008YD57OO,5,Value for money,0,0
B008YD57OO,1,Expyr date.....,0,0
B008YD57OO,4,Product is good,0,0
B008YD57OO,5,it is very good,0,0
B008YD57OO,5,Very good deal.,0,0
B008YD57OO,5,Amazing product,0,0
B008YD57OO,4,Value for money,0,0
B008YD57OO,4,Descent product,0,0
B008YD57OO,5,GOOD FOR BABIES,0,0
B008YD57OO,5,Good Product...,0,0
B008YD57OO,4,value for money,0,0
B008YD57OO,5,value for money,0,0
B008YD57OO,5,nice in quality,0,0
B008YD57OO,5,Value for money,0,0
B008YD57OO,5,Excellent deal.,0,0
B008YD57OO,1,Expired product,0,0
B008YD57OO,4,Better than J&J,0,0
B008YD57OO,3,Value for money,0,0
B008YD57OO,1,"The headline is himalaya healthcare on genuine product..But  it was Himalaya Babycare on the powder which I received. There are other spelling mistakes too..And when did Khus Grass change into Khus Khus???God Only Knows..As far as I know, both r dfrnt..Nd how come poppy seeds are used in baby powder!!God only knowsWl never buy again..",2,1
B008YD57OO,5,Good Item.....,0,0
B008YD57OO,5,Good Product!!,0,0
B008YD57OO,5,Good Purchase.,0,0
B008YD57OO,4,Goid fragrance,0,0
B008YD57OO,5,I am satisfied,0,0
B008YD57OO,5,cheap and good,0,0
B008YD57OO,5,very good deal,0,0
B008YD57OO,5,Good product..,0,0
B008YD57OO,4,Really good...,0,0
B008YD57OO,4,GOOD THAN J& J,0,0
B008YD57OO,4,Nice product..,0,0
B008YD57OO,5,Good product..,0,0
B008YD57OO,5,Excellent*****,0,0
B008YD57OO,5,good products.,0,0
B008YD57OO,5,It's d best...,0,0
B008YD57OO,5,Good product..,0,0
B008YD57OO,5,nice product..,0,0
B008YD57OO,5,very good deal,0,0
B008YD57OO,5,good as stated,0,0
B008YD57OO,5,Lovingggggg it,0,0
B008YD57OO,5,Nice product.,0,0
B008YD57OO,5,Gud product..,0,0
B008YD57OO,5,Make in india,0,0
B008YD57OO,5,Good product.,0,0
B008YD57OO,5,Great product,0,0
B008YD57OO,3,OK OK PRODUCT,0,0
B008YD57OO,5,great product,0,0
B008YD57OO,5,Good proudect,0,0
B008YD57OO,5,good  as name,0,0
B008YD57OO,5,Nice product.,0,0
B008YD57OO,5,Want discount,0,0
B008YD57OO,1,West of money,0,0
B008YD57OO,5,Nice products,0,0
B008YD57OO,4,Good for Kids,0,0
B008YD57OO,5,Good Product.,0,0
B008YD57OO,4,fine products,0,0
B008YD57OO,5,Its very good,0,0
B008YD57OO,5,nice  product,0,0
B008YD57OO,4,nice product.,0,0
B008YD57OO,5,Nice product.,0,0
B008YD57OO,5,Good product.,0,0
B008YD57OO,5,nice deal 115,0,0
B008YD57OO,5,Good product,0,0
B008YD57OO,4,good product,0,0
B008YD57OO,4,Good Product,0,0
B008YD57OO,3,as expected.,0,0
B008YD57OO,5,Good product,0,0
B008YD57OO,5,good product,0,0
B008YD57OO,4,Good product,0,0
B008YD57OO,5,good product,0,0
B008YD57OO,5,good product,0,0
B008YD57OO,4,good product,0,0
B008YD57OO,5,Worth to buy,0,0
B008YD57OO,5,good product,0,0
B008YD57OO,5,Nice product,0,0
B008YD57OO,5,Good product,0,0
B008YD57OO,4,Good product,0,0
B008YD57OO,4,good product,0,0
B008YD57OO,5,Nice product,0,0
B008YD57OO,5,good product,0,0
B008YD57OO,5,good product,0,0
B008YD57OO,4,Good Product,0,0
B008YD57OO,5,Good product,0,0
B008YD57OO,5,good product,0,0
B008YD57OO,5,Good product,0,0
B008YD57OO,5,Nice product,0,0
B008YD57OO,5,Good product,0,0
B008YD57OO,4,Good product,0,0
B008YD57OO,4,Good product,0,0
B008YD57OO,5,good product,0,0
B008YD57OO,5,Good product,0,0
B008YD57OO,4,nice product,0,0
B008YD57OO,3,good product,0,0
B008YD57OO,5,Good product,0,0
B008YD57OO,4,good product,0,0
B008YD57OO,4,nice product,0,0
B008YD57OO,5,BEST PRODUCT,0,0
B008YD57OO,4,good product,0,0
B008YD57OO,5,Nice product,0,0
B008YD57OO,5,Good product,0,0
B008YD57OO,4,worth buying,0,0
B008YD57OO,5,Nice product,0,0
B008YD57OO,5,good product,0,0
B008YD57OO,5,Good product,0,0
B008YD57OO,5,Nice product,0,0
B008YD57OO,4,Nice product,0,0
B008YD57OO,5,Good product,0,0
B008YD57OO,3,Good product,0,0
B008YD57OO,5,Good product,0,0
B008YD57OO,5,Good product,0,0
B008YD57OO,4,good product,0,0
B008YD57OO,5,Nice product,0,0
B008YD57OO,5,nice product,0,0
B008YD57OO,4,good product,0,0
B008YD57OO,5,Good product,0,0
B008YD57OO,5,Good product,0,0
B008YD57OO,5,NICE PRODUCT,0,0
B008YD57OO,4,Good product,0,0
B008YD57OO,4,Good product,0,0
B008YD57OO,5,Good product,0,0
B008YD57OO,5,Good product,0,0
B008YD57OO,5,good product,0,0
B008YD57OO,4,Good product,0,0
B008YD57OO,5,Good product,0,0
B008YD57OO,5,Good product,0,0
B008YD57OO,5,good product,0,0
B008YD57OO,5,nice product,0,0
B008YD57OO,5,nice product,0,0
B008YD57OO,5,Nice product,0,0
B008YD57OO,5,HiNice,0,0
B008YD57OO,5,Nice Product,0,0
B008YD57OO,4,Good product,0,0
B008YD57OO,5,good product,0,0
B008YD57OO,5,Good product,0,0
B008YD57OO,1,Poor product,0,0
B008YD57OO,4,Good product,0,0
B008YD57OO,5,Nice product,0,0
B008YD57OO,4,Good product,0,0
B008YD57OO,5,i loved this,0,0
B008YD57OO,4,Nice product,0,0
B008YD57OO,5,Nice product,0,0
B008YD57OO,5,PRICE WORTHY,0,0
B008YD57OO,5,Nice product,0,0
B008YD57OO,3,"I ordered it on 24th feb recieved the item little late than I expected, it took around 8 days for them to deliver it and another thing which I noticed was the smell of the powder which is not that good, I would suggest Johnsons baby powder instead of this one, its a little expensive than this one but has a wonderful smell and worth every penny",0,0
B008YD57OO,5,Super offer,0,0
B008YD57OO,5,great price,0,0
B008YD57OO,5,It was nice,0,0
B008YD57OO,5,Nice smell.,0,0
B008YD57OO,5,as expected,0,0
B008YD57OO,5,Perfect....,0,0
B008YD57OO,5,Bindass buy,0,0
B008YD57OO,5,Good deal..,0,0
B008YD57OO,5,Perfect....,0,0
B008YD57OO,1,dont get it,0,0
B008YD57OO,5,Good smell.,0,0
B008YD57OO,5,Excellent !,0,0
B008YD57OO,4,as expected,0,0
B008YD57OO,5,Excellent..,0,0
B008YD57OO,1,I did not buy this from amazon but this review will help others.  Powder is good but results in skin darkening. My baby girl suffered 4m skin darkening only on areas where i applied this powder. The package also mentions tht the product changes colour with time. It definately darkens skin coz of olive oil in it.,0,0
B008YD57OO,2,Till now we don't have any complaints regarding the brand.. Himalaya. But this time donno why the product contained only 60% of the contents. And also the cap of the bottle was not intact properly.We don't want to have such products even though they are in discount.disappointed with this product.,0,0
B008YD57OO,5,excellent.,0,0
B008YD57OO,5,very  fine,0,0
B008YD57OO,4,Good deal.,0,0
B008YD57OO,5,Nice smell,0,0
B008YD57OO,5,Verry Good,0,0
B008YD57OO,4,Good Deal!,0,0
B008YD57OO,4,Nice smell,0,0
B008YD57OO,4,Good offer,0,0
B008YD57OO,5,Best price,0,0
B008YD57OO,3,OK product,0,0
B008YD57OO,5,Super like,0,0
B008YD57OO,4,Great item,0,0
B008YD57OO,5,I loved it,0,0
B008YD57OO,4,Right buy.,0,0
B008YD57OO,5,Very Nice.,0,0
B008YD57OO,4,good one..,0,0
B008YD57OO,4,best price,0,0
B008YD57OO,5,i like it,0,0
B008YD57OO,5,very nice,0,0
B008YD57OO,5,Excellent,0,0
B008YD57OO,5,Excellent,0,0
B008YD57OO,3,Excellent,0,0
B008YD57OO,5,good one.,0,0
B008YD57OO,2,Very nice,0,0
B008YD57OO,4,good item,0,0
B008YD57OO,4,Very good,0,0
B008YD57OO,5,Very nice,0,0
B008YD57OO,5,Excellent,0,0
B008YD57OO,5,nice deal,0,0
B008YD57OO,5,Very fine,0,0
B008YD57OO,4,Very Good,0,0
B008YD57OO,5,Excellent,0,0
B008YD57OO,5,Good one.,0,0
B008YD57OO,5,Excellent,0,0
B008YD57OO,5,Very nice,0,0
B008YD57OO,5,very nice,0,0
B008YD57OO,5,Excellent,0,0
B008YD57OO,5,VERY NICE,0,0
B008YD57OO,5,Very good,0,0
B008YD57OO,5,EXCELLENT,0,0
B008YD57OO,5,Excellent,0,0
B008YD57OO,5,Good deal,0,0
B008YD57OO,4,Good one.,0,0
B008YD57OO,5,very nice,0,0
B008YD57OO,4,satisfied,0,0
B008YD57OO,5,very good,0,0
B008YD57OO,4,Good one.,0,0
B008YD57OO,4,very good,0,0
B008YD57OO,4,Nice deal,0,0
B008YD57OO,4,Very good,0,0
B008YD57OO,4,very nice,0,0
B008YD57OO,4,Very good,0,0
B008YD57OO,5,excellent,0,0
B008YD57OO,5,Excellent,0,0
B008YD57OO,4,I like ..,0,0
B008YD57OO,5,very good,0,0
B008YD57OO,5,i love it,0,0
B008YD57OO,3,Good one.,0,0
B008YD57OO,5,Good item,0,0
B008YD57OO,5,nice deal,0,0
B008YD57OO,5,very good,0,0
B008YD57OO,5,It's nice,0,0
B008YD57OO,4,very good,0,0
B008YD57OO,4,very good,0,0
B008YD57OO,4,Very good,0,0
B008YD57OO,5,Good deal,0,0
B008YD57OO,5,Very nice,0,0
B008YD57OO,4,Good talc,0,0
B008YD57OO,5,satisfied,0,0
B008YD57OO,5,Very good,0,0
B008YD57OO,5,Good deal,0,0
B008YD57OO,5,Excellent,0,0
B008YD57OO,5,Very good,0,0
B008YD57OO,2,old stock,0,0
B008YD57OO,5,Excellent,0,0
B008YD57OO,5,Very good,0,0
B008YD57OO,5,excellent,0,0
B008YD57OO,5,Very nice,0,0
B008YD57OO,5,Very nice,0,0
B008YD57OO,5,Excellent,0,0
B008YD57OO,5,excellent,0,0
B008YD57OO,5,Very good,0,0
B008YD57OO,5,excellent,0,0
B008YD57OO,5,Good one.,0,0
B008YD57OO,5,Very Good,0,0
B008YD57OO,5,Excellent,0,0
B008YD57OO,5,GOOD ONE.,0,0
B008YD57OO,5,very good,0,0
B008YD57OO,5,very nice,0,0
B008YD57OO,5,Nice one,0,0
B008YD57OO,5,Good one,0,0
B008YD57OO,5,Good one,0,0
B008YD57OO,5,Good onw,0,0
B008YD57OO,5,Good one,0,0
B008YD57OO,4,Good....,0,0
B008YD57OO,5,Good one,0,0
B008YD57OO,4,Nice one,0,0
B008YD57OO,5,perfect.,0,0
B008YD57OO,5,Good one,0,0
B008YD57OO,4,worth it,0,0
B008YD57OO,3,good buy,0,0
B008YD57OO,5,Lo piece,0,0
B008YD57OO,5,Very bad,0,0
B008YD57OO,4,good one,0,0
B008YD57OO,5,nice one,0,0
B008YD57OO,5,Good buy,0,0
B008YD57OO,3,NICE PDT,0,0
B008YD57OO,5,good one,0,0
B008YD57OO,5,Exllence,0,0
B008YD57OO,4,The best,0,0
B008YD57OO,5,Xcellent,0,0
B008YD57OO,4,Good one,0,0
B008YD57OO,5,"Thanks for Prompt Delivery of the Product, shipping package was good and satisfactory. we liked the baby powder, but it has little fragrance which does not suit me as i have asthama, not a bigger concern though",0,0
B008YD57OO,5,"My kid loves the fragrance of this powder, it has a nice cooling effect and makes the baby's skin soft and supple especially if used near the nappy area, parents what are you waiting for, go for it, cheers!",0,0
B008YD57OO,3,average,0,0
B008YD57OO,5,love it,0,0
B008YD57OO,3,average,0,0
B008YD57OO,4,Vry gud,0,0
B008YD57OO,4,like ih,0,0
B008YD57OO,4,not bad,0,0
B008YD57OO,4,Goooood,0,0
B008YD57OO,4,greattt,0,0
B008YD57OO,5,love it,0,0
B008YD57OO,5,Perfect,0,0
B008YD57OO,5,love it,0,0
B008YD57OO,5,no thnx,0,0
B008YD57OO,5,Awesome,0,0
B008YD57OO,5,goooood,0,0
B008YD57OO,4,good...,0,0
B008YD57OO,3,thiak h,0,0
B008YD57OO,5,Awesome,0,0
B008YD57OO,4,like it,0,0
B008YD57OO,3,Just OK,0,0
B008YD57OO,5,I love the powder and the smell. I have been using it for my baby for 10 months and there have no instances of rashes etc. for him.It is mild and helps prevent prickly heat.,0,0
B008YD57OO,5,Very good fragrance my baby likes it very much. Earlier was using johnson & johnson buy wanted move to something herbal so starting using Himalaya and very happy that I switched.,0,0
B008YD57OO,3,Its ok,0,0
B008YD57OO,5,Worthy,0,0
B008YD57OO,5,V.good,0,0
B008YD57OO,5,Thanks,0,0
B008YD57OO,5,Thanks,0,0
B008YD57OO,5,FINE !,0,0
B008YD57OO,5,Thanks,0,0
B008YD57OO,5,superb,0,0
B008YD57OO,3,its ok,0,0
B008YD57OO,5,Thanks,0,0
B008YD57OO,5,Superb,0,0
B008YD57OO,5,buy it,0,0
B008YD57OO,4,better,0,0
B008YD57OO,5,gr8...,0,0
B008YD57OO,5,Saving,0,0
B008YD57OO,5,THANKS,0,0
B008YD57OO,5,Thanks,0,0
B008YD57OO,5,good..,0,0
B008YD57OO,5,I have purchased & used this product. and also very good for healthy baby boy in adverse conditions. so it is recommended for other,0,0
B008YD57OO,5,super,0,0
B008YD57OO,4,Nice!,0,0
B008YD57OO,5,super,0,0
B008YD57OO,4,Good.,0,0
B008YD57OO,5,Greay,0,0
B008YD57OO,5,Happy,0,0
B008YD57OO,4,Super,0,0
B008YD57OO,4,Wroth,0,0
B008YD57OO,4,nice1,0,0
B008YD57OO,5,Great,0,0
B008YD57OO,5,nice.,0,0
B008YD57OO,4,Nice.,0,0
B008YD57OO,5,Great,0,0
B008YD57OO,5,Thnks,0,0
B008YD57OO,5,goood,0,0
B008YD57OO,3,Good.,0,0
B008YD57OO,5,Great,0,0
B008YD57OO,3,Nice.,0,0
B008YD57OO,5,Worth the money! The powder and deal are probably the best in class. Been using for more than a year now for my daughter.,0,0
B008YD57OO,1,My baby is getting rashes after i started using this. I stopped using this product. I doubt it is a fake product,0,0
B008YD57OO,5,No doubt 400 gm @ Rs. 118/- is a great deal and it's also a great product with very good perfume.,0,0
B008YD57OO,5,Good,0,0
B008YD57OO,5,Good,0,0
B008YD57OO,5,nice,0,0
B008YD57OO,5,Good,0,0
B008YD57OO,4,good,0,0
B008YD57OO,4,Good,0,0
B008YD57OO,4,good,0,0
B008YD57OO,5,good,0,0
B008YD57OO,5,nice,0,0
B008YD57OO,5,good,0,0
B008YD57OO,4,Good,0,0
B008YD57OO,5,Nice,0,0
B008YD57OO,5,good,0,0
B008YD57OO,5,good,0,0
B008YD57OO,5,Best,0,0
B008YD57OO,4,Nice,0,0
B008YD57OO,4,Good,0,0
B008YD57OO,4,Nice,0,0
B008YD57OO,3,Good,0,0
B008YD57OO,4,good,0,0
B008YD57OO,5,Good,0,0
B008YD57OO,5,good,0,0
B008YD57OO,5,NICE,0,0
B008YD57OO,4,Fine,0,0
B008YD57OO,4,nice,0,0
B008YD57OO,5,Good,0,0
B008YD57OO,4,good,0,0
B008YD57OO,5,Good,0,0
B008YD57OO,5,Good,0,0
B008YD57OO,5,good,0,0
B008YD57OO,5,Nice,0,0
B008YD57OO,5,nice,0,0
B008YD57OO,4,nice,0,0
B008YD57OO,5,Good,0,0
B008YD57OO,4,fair,0,0
B008YD57OO,5,Good,0,0
B008YD57OO,3,Good,0,0
B008YD57OO,5,good,0,0
B008YD57OO,4,Nice,0,0
B008YD57OO,5,Good,0,0
B008YD57OO,5,Good,0,0
B008YD57OO,5,Good,0,0
B008YD57OO,5,Good,0,0
B008YD57OO,5,good,0,0
B008YD57OO,4,Good,0,0
B008YD57OO,4,good,0,0
B008YD57OO,5,Good,0,0
B008YD57OO,5,NICE,0,0
B008YD57OO,4,Good,0,0
B008YD57OO,5,good,0,0
B008YD57OO,5,Good,0,0
B008YD57OO,5,Good,0,0
B008YD57OO,5,Nice,0,0
B008YD57OO,4,Good,0,0
B008YD57OO,5,good,0,0
B008YD57OO,4,good,0,0
B008YD57OO,4,good,0,0
B008YD57OO,3,Good,0,0
B008YD57OO,5,good,0,0
B008YD57OO,3,Good,0,0
B008YD57OO,5,Good,0,0
B008YD57OO,4,cool,0,0
B008YD57OO,4,Good,0,0
B008YD57OO,5,good,0,0
B008YD57OO,5,good,0,0
B008YD57OO,5,best,0,0
B008YD57OO,5,Good,0,0
B008YD57OO,4,good,0,0
B008YD57OO,5,good,0,0
B008YD57OO,5,NIce,0,0
B008YD57OO,4,Good,0,0
B008YD57OO,4,good,0,0
B008YD57OO,5,Good,0,0
B008YD57OO,5,good,0,0
B008YD57OO,5,nice,0,0
B008YD57OO,5,Nice,0,0
B008YD57OO,5,good,0,0
B008YD57OO,4,good,0,0
B008YD57OO,5,good,0,0
B008YD57OO,5,good,0,0
B008YD57OO,5,GOOD,0,0
B008YD57OO,4,nice,0,0
B008YD57OO,5,Good,0,0
B008YD57OO,4,good,0,0
B008YD57OO,4,good,0,0
B008YD57OO,5,Good,0,0
B008YD57OO,4,nice,0,0
B008YD57OO,5,good,0,0
B008YD57OO,4,nice,0,0
B008YD57OO,5,good,0,0
B008YD57OO,5,Nice,0,0
B008YD57OO,5,NICE,0,0
B008YD57OO,5,Nice,0,0
B008YD57OO,5,Nice,0,0
B008YD57OO,5,Best,0,0
B008YD57OO,4,Good,0,0
B008YD57OO,5,Nice,0,0
B008YD57OO,5,nice,0,0
B008YD57OO,4,good,0,0
B008YD57OO,4,Good,0,0
B008YD57OO,5,Good,0,0
B008YD57OO,4,nice,0,0
B008YD57OO,5,good,0,0
B008YD57OO,4,GOOD,0,0
B008YD57OO,3,best,0,0
B008YD57OO,5,good,0,0
B008YD57OO,5,good,0,0
B008YD57OO,5,good,0,0
B008YD57OO,5,Good,0,0
B008YD57OO,5,Good,0,0
B008YD57OO,5,Good,0,0
B008YD57OO,5,Nice,0,0
B008YD57OO,5,Good,0,0
B008YD57OO,5,good,0,0
B008YD57OO,4,Good,0,0
B008YD57OO,4,good,0,0
B008YD57OO,4,good,0,0
B008YD57OO,4,Nice,0,0
B008YD57OO,4,Good,0,0
B008YD57OO,4,Good,0,0
B008YD57OO,4,Good,0,0
B008YD57OO,4,good,0,0
B008YD57OO,4,good,0,0
B008YD57OO,5,good,0,0
B008YD57OO,5,Good,0,0
B008YD57OO,4,good,0,0
B008YD57OO,4,Good,0,0
B008YD57OO,5,good,0,0
B008YD57OO,3,Good,0,0
B008YD57OO,5,Good,0,0
B008YD57OO,5,Good,0,0
B008YD57OO,5,good,0,0
B008YD57OO,4,Good,0,0
B008YD57OO,4,NICE,0,0
B008YD57OO,5,good,0,0
B008YD57OO,4,good,0,0
B008YD57OO,4,Good,0,0
B008YD57OO,5,good,0,0
B008YD57OO,5,Good,0,0
B008YD57OO,5,good,0,0
B008YD57OO,5,Good,0,0
B008YD57OO,4,Good,0,0
B008YD57OO,4,Good,0,0
B008YD57OO,5,Good,0,0
B008YD57OO,4,Good,0,0
B008YD57OO,5,Good,0,0
B008YD57OO,5,nice,0,0
B008YD57OO,4,good,0,0
B008YD57OO,5,Good,0,0
B008YD57OO,5,Nice,0,0
B008YD57OO,5,Good,0,0
B008YD57OO,4,good,0,0
B008YD57OO,5,Good,0,0
B008YD57OO,5,nice,0,0
B008YD57OO,3,Good,0,0
B008YD57OO,4,good,0,0
B008YD57OO,5,good,0,0
B008YD57OO,5,Good,0,0
B008YD57OO,4,nice,0,0
B008YD57OO,5,good,0,0
B008YD57OO,5,good,0,0
B008YD57OO,5,nice,0,0
B008YD57OO,4,Good,0,0
B008YD57OO,5,goog,0,0
B008YD57OO,5,Good,0,0
B008YD57OO,4,good,0,0
B008YD57OO,4,Good,0,0
B008YD57OO,5,nice,0,0
B008YD57OO,5,Good,0,0
B008YD57OO,5,Nice,0,0
B008YD57OO,5,good,0,0
B008YD57OO,5,Good,0,0
B008YD57OO,5,Good,0,0
B008YD57OO,5,Nice,0,0
B008YD57OO,5,Good,0,0
B008YD57OO,3,Good,0,0
B008YD57OO,4,good,0,0
B008YD57OO,5,Good,0,0
B008YD57OO,5,good,0,0
B008YD57OO,5,Good,0,0
B008YD57OO,5,good,0,0
B008YD57OO,5,Good,0,0
B008YD57OO,5,good,0,0
B008YD57OO,5,Good,0,0
B008YD57OO,5,Good,0,0
B008YD57OO,5,good,0,0
B008YD57OO,4,good,0,0
B008YD57OO,5,It is first Himalaya baby product we are using and it very nice totally soft on baby skin ...,0,0
B008YD57OO,1,Received damaged product and not able place request for refund/replace....,0,0
B008YD57OO,4,gud,0,0
B008YD57OO,4,god,0,0
B008YD57OO,4,GUD,0,0
B008YD57OO,4,wow,0,0
B008YD57OO,4,Gud,0,0
B008YD57OO,4,grt,0,0
B008YD57OO,4,gud,0,0
B008YD57OO,5,Gud,0,0
B008YD57OO,5,Gud,0,0
B008YD57OO,4,"400 gm pack is very cost effective, compared to 100 & 200 gm packs",0,0
B008YD57OO,5,Lovly fragrance n stays long..bettr than Johnson baby..,0,0
B008YD57OO,3,"All GoodGot@135(1.3.16),Got@112(1.8.16),",0,0
B008YD57OO,3,As good as Johnson baby powder...it's good,0,0
B008YD57OO,1,Ok,0,0
B008YD57OO,3,OK,0,0
B008YD57OO,4,ok,0,0
B008YD57OO,5,ok,0,0
B008YD57OO,5,OK,0,0
B008YD57OO,4,OK,0,0
B008YD57OO,3,ok,0,0
B008YD57OO,3,ok,0,0
B008YD57OO,5,Ok,0,0
B008YD57OO,3,OK,0,0
B008YD57OO,5,ok,0,0
B008YD57OO,5,:),0,0
B008YD57OO,3,OK,0,0
B008YD57OO,5,ok,0,0
B008YD57OO,3,OK,0,0
B008YD57OO,3,ok,0,0
B008YD57OO,2,ok,0,0
B008YD57OO,3,ok,0,0
B008YD57OO,3,ok,0,0
B008YD57OO,4,Its good will recommend for baby...,0,0
B008YD57OO,2,"Smell was not, don't choose this.",0,0
B008YD57OO,5,Himalaya Products are very good.,0,0
B008YD57OO,3,good product and arrived on time,0,0
B008YD57OO,4,No Complaints!! Good Products,0,0
B008YD57OO,5,Good fragrance.... liked it,0,0
B008YD57OO,5,Nice product in nice price,0,0
B008YD57OO,1,expiry date is very soon,0,0
B008YD57OO,5,Best one.great prodect,0,0
B008YD57OO,5,good product for kids,0,0
B008YD57OO,5,save save save money,0,0
B008YD57OO,4,good & fast delivery,0,0
B008YD57OO,5,Perfect for babies.,0,0
B008YD57OO,5,Very goog in Rs.100,0,0
B008YD57OO,5,Very good product.!,0,0
B008YD57OO,4,k,0,0
B008YD57OO,5,Good for baby skin,0,0
B008YD57OO,5,Fantastic product,0,0
B008YD57OO,4,Good for my baby,0,0
B008YD57OO,5,good...........,0,0
B008YD57OO,3,OK.... Nice one,0,0
B008YD57OO,1,expired product,0,0
B008YD57OO,5,Best Products,0,0
B008YD57OO,4,Nice product.,0,0
B008YD57OO,4,good for baby,0,0
B008YD57OO,4,Good product,0,0
B008YD57OO,5,Nice product,0,0
B008YD57OO,4,Good product,0,0
B008YD57OO,5,All is well,0,0
B008YD57OO,4,Good Buy!!,0,0
B008YD57OO,5,EXCELLENT,0,0
B008YD57OO,1,Very poor,0,0
B008YD57OO,4,good one,0,0
B008YD57OO,4,good one,0,0
B008YD57OO,5,Awesome,0,0
B008YD57OO,5,super,0,0
B008YD57OO,4,Good,0,0
B008YD57OO,5,Good,0,0
B008YD57OO,5,good,0,0
B008YD57OO,5,Good,0,0
B008YD57OO,4,Good,0,0
B008YD57OO,4,Good,0,0
B008YD57OO,4,good,0,0
